{
  "noise_levels": [
    0.0,
    0.2,
    0.5,
    0.8
  ],
  "scores": [
    0.9165969925249245,
    0.23536834488023992,
    0.14245056433719192,
    0.13157634847205713
  ]
}