{
  "noise_levels": [
    0.0,
    0.2,
    0.5,
    0.8
  ],
  "scores": [
    0.9165969925249245,
    0.896963011536351,
    0.881782270416959,
    0.8342111603255407
  ]
}